<?xml version="1.0" encoding="UTF-8" ?>
<!DOCTYPE mapper PUBLIC "-//mybatis.org//DTD Mapper 3.0//EN" "http://mybatis.org/dtd/mybatis-3-mapper.dtd">
<mapper namespace="com.shopping.mapper.OrderMapper">
    <insert id="insertOrderInfo">
        insert into order_info(oi_mi_seq,oi_pi_seq,oi_delivery_no,oi_prod_count)
        values(#{oi_mi_seq},#{oi_pi_seq},#{oi_delivery_no},#{oi_prod_count})
    </insert>
    <delete id="deleteOrderInfo">
        delete from order_info where oi_seq = #{seq}
    </delete>
    <select id="selectOrderInfo" resultType="com.shopping.vo.OrderProductVO">
        select * from order_info a inner join product_info b
        on a.oi_pi_seq = b.pi_seq where oi_mi_seq = #{mi_seq}
        order by oi_reg_dt desc
    </select>
    <update id="updateOrderStatus">
        update order_info set oi_order_status=#{status} where oi_seq = #{seq}
    </update>
    <update id="updateOrderDeliveryStatus">
        update order_info set oi_delivery_status=#{status} where oi_seq = #{seq}
    </update>
</mapper>